"timestamp","correlation","market_trend"
"2017-05-21 00:00:00",1,"ğŸ“ˆ BTC follows stock market"
"2017-05-28 00:00:00",0.9999977137709862,"ğŸ“ˆ BTC follows stock market"
"2017-06-04 00:00:00",0.9321623165425387,"ğŸ“ˆ BTC follows stock market"
"2017-06-11 00:00:00",0.8579829820461008,"ğŸ“ˆ BTC follows stock market"
"2017-06-18 00:00:00",0.8414873384193986,"ğŸ“ˆ BTC follows stock market"
"2017-06-25 00:00:00",0.8299785312645585,"ğŸ“ˆ BTC follows stock market"
"2017-07-02 00:00:00",0.8310071391804686,"ğŸ“ˆ BTC follows stock market"
"2017-07-09 00:00:00",0.8338781482427412,"ğŸ“ˆ BTC follows stock market"
"2017-07-16 00:00:00",0.38914159193638914,"âš–ï¸ BTC independent"
"2017-07-23 00:00:00",0.4806931460080171,"âš–ï¸ BTC independent"
"2017-07-30 00:00:00",0.5455723545753944,"ğŸ“ˆ BTC follows stock market"
"2017-08-06 00:00:00",0.5493005200748922,"ğŸ“ˆ BTC follows stock market"
"2017-08-13 00:00:00",0.3819783784151266,"âš–ï¸ BTC independent"
"2017-08-20 00:00:00",0.30097938842380856,"âš–ï¸ BTC independent"
"2017-08-27 00:00:00",0.294578222165244,"âš–ï¸ BTC independent"
"2017-09-03 00:00:00",0.36689583589925223,"âš–ï¸ BTC independent"
"2017-09-10 00:00:00",0.45166942647606195,"âš–ï¸ BTC independent"
"2017-09-17 00:00:00",0.4658569158723552,"âš–ï¸ BTC independent"
"2017-09-24 00:00:00",0.49072246913547324,"âš–ï¸ BTC independent"
"2017-10-01 00:00:00",0.5667076833776157,"ğŸ“ˆ BTC follows stock market"
"2017-10-08 00:00:00",0.6334781696460831,"ğŸ“ˆ BTC follows stock market"
"2017-10-15 00:00:00",0.7166308246390399,"ğŸ“ˆ BTC follows stock market"
"2017-10-22 00:00:00",0.7657982739867119,"ğŸ“ˆ BTC follows stock market"
"2017-10-29 00:00:00",0.808202419107219,"ğŸ“ˆ BTC follows stock market"
"2017-11-05 00:00:00",0.8339702038356698,"ğŸ“ˆ BTC follows stock market"
"2017-11-12 00:00:00",0.8491071997262487,"ğŸ“ˆ BTC follows stock market"
"2017-11-19 00:00:00",0.864343947902181,"ğŸ“ˆ BTC follows stock market"
"2017-11-26 00:00:00",0.8773837893586656,"ğŸ“ˆ BTC follows stock market"
"2017-12-03 00:00:00",0.8865183691221489,"ğŸ“ˆ BTC follows stock market"
"2017-12-10 00:00:00",0.8791867990923226,"ğŸ“ˆ BTC follows stock market"
"2017-12-17 00:00:00",0.8776734069209842,"ğŸ“ˆ BTC follows stock market"
"2017-12-24 00:00:00",0.8926377449532105,"ğŸ“ˆ BTC follows stock market"
"2017-12-31 00:00:00",0.9040226981225823,"ğŸ“ˆ BTC follows stock market"
"2018-01-07 00:00:00",0.91880684144216,"ğŸ“ˆ BTC follows stock market"
"2018-01-14 00:00:00",0.9124828646246719,"ğŸ“ˆ BTC follows stock market"
"2018-01-21 00:00:00",0.8814731947331792,"ğŸ“ˆ BTC follows stock market"
"2018-01-28 00:00:00",0.8716297827760384,"ğŸ“ˆ BTC follows stock market"
"2018-02-04 00:00:00",0.8637999954229966,"ğŸ“ˆ BTC follows stock market"
"2018-02-11 00:00:00",0.8554014125041635,"ğŸ“ˆ BTC follows stock market"
"2018-02-18 00:00:00",0.8476103266517353,"ğŸ“ˆ BTC follows stock market"
"2018-02-25 00:00:00",0.8409975006447358,"ğŸ“ˆ BTC follows stock market"
"2018-03-04 00:00:00",0.8346576972239625,"ğŸ“ˆ BTC follows stock market"
"2018-03-11 00:00:00",0.8095079130846559,"ğŸ“ˆ BTC follows stock market"
"2018-03-18 00:00:00",0.8018738248225028,"ğŸ“ˆ BTC follows stock market"
"2018-03-25 00:00:00",0.7946048861939976,"ğŸ“ˆ BTC follows stock market"
"2018-04-01 00:00:00",0.7887871671127316,"ğŸ“ˆ BTC follows stock market"
"2018-04-08 00:00:00",0.771453944750538,"ğŸ“ˆ BTC follows stock market"
"2018-04-15 00:00:00",0.7443645389319863,"ğŸ“ˆ BTC follows stock market"
"2018-04-22 00:00:00",0.7191450094392747,"ğŸ“ˆ BTC follows stock market"
"2018-04-29 00:00:00",0.6955591151370926,"ğŸ“ˆ BTC follows stock market"
"2018-05-06 00:00:00",0.6737887595527265,"ğŸ“ˆ BTC follows stock market"
"2018-05-13 00:00:00",0.6319104464855582,"ğŸ“ˆ BTC follows stock market"
"2018-05-20 00:00:00",0.5816478130316786,"ğŸ“ˆ BTC follows stock market"
"2018-05-27 00:00:00",0.5368952630642391,"ğŸ“ˆ BTC follows stock market"
"2018-06-03 00:00:00",0.46499385736771365,"âš–ï¸ BTC independent"
"2018-06-10 00:00:00",0.342034112365699,"âš–ï¸ BTC independent"
"2018-06-17 00:00:00",0.2617115197512961,"âš–ï¸ BTC independent"
"2018-06-24 00:00:00",0.23668713679741551,"âš–ï¸ BTC independent"
"2018-07-01 00:00:00",0.22943029105131638,"âš–ï¸ BTC independent"
"2018-07-08 00:00:00",0.2099076877720434,"âš–ï¸ BTC independent"
"2018-07-15 00:00:00",0.1881604088860281,"âš–ï¸ BTC independent"
"2018-07-22 00:00:00",0.16570460496778522,"âš–ï¸ BTC independent"
"2018-07-29 00:00:00",0.165526192965527,"âš–ï¸ BTC independent"
"2018-08-05 00:00:00",0.07188571277976406,"âš–ï¸ BTC independent"
"2018-08-12 00:00:00",-0.08055507935384754,"âš–ï¸ BTC independent"
"2018-08-19 00:00:00",-0.2553799423203009,"âš–ï¸ BTC independent"
"2018-08-26 00:00:00",-0.39496085886820465,"âš–ï¸ BTC independent"
"2018-09-02 00:00:00",-0.40930814798854187,"âš–ï¸ BTC independent"
"2018-09-09 00:00:00",-0.4455494705382851,"âš–ï¸ BTC independent"
"2018-09-16 00:00:00",-0.48418019130816725,"âš–ï¸ BTC independent"
"2018-09-23 00:00:00",-0.4786789093433396,"âš–ï¸ BTC independent"
"2018-09-30 00:00:00",-0.5235141650130601,"ğŸ”„ BTC moves opposite to stock market"
"2018-10-07 00:00:00",-0.5515089619075486,"ğŸ”„ BTC moves opposite to stock market"
"2018-10-14 00:00:00",-0.5257318147004465,"ğŸ”„ BTC moves opposite to stock market"
"2018-10-21 00:00:00",-0.4434720048637081,"âš–ï¸ BTC independent"
"2018-10-28 00:00:00",-0.4425358921482267,"âš–ï¸ BTC independent"
"2018-11-04 00:00:00",-0.45308554903067627,"âš–ï¸ BTC independent"
"2018-11-11 00:00:00",-0.3975213647717144,"âš–ï¸ BTC independent"
"2018-11-18 00:00:00",-0.24467034075005403,"âš–ï¸ BTC independent"
"2018-11-25 00:00:00",0.02888945971314557,"âš–ï¸ BTC independent"
"2018-12-02 00:00:00",0.2786663156937846,"âš–ï¸ BTC independent"
"2018-12-09 00:00:00",0.4583297457521417,"âš–ï¸ BTC independent"
"2018-12-16 00:00:00",0.6596473071026534,"ğŸ“ˆ BTC follows stock market"
"2018-12-23 00:00:00",0.7337916278692023,"ğŸ“ˆ BTC follows stock market"
"2018-12-30 00:00:00",0.7823300516334807,"ğŸ“ˆ BTC follows stock market"
"2019-01-06 00:00:00",0.7960452246015368,"ğŸ“ˆ BTC follows stock market"
"2019-01-13 00:00:00",0.7973298468884792,"ğŸ“ˆ BTC follows stock market"
"2019-01-20 00:00:00",0.791989696204902,"ğŸ“ˆ BTC follows stock market"
"2019-01-27 00:00:00",0.7873148473166601,"ğŸ“ˆ BTC follows stock market"
"2019-02-03 00:00:00",0.7622509535696413,"ğŸ“ˆ BTC follows stock market"
"2019-02-10 00:00:00",0.7377452168097937,"ğŸ“ˆ BTC follows stock market"
"2019-02-17 00:00:00",0.6955020585068856,"ğŸ“ˆ BTC follows stock market"
"2019-02-24 00:00:00",0.664890489295016,"ğŸ“ˆ BTC follows stock market"
"2019-03-03 00:00:00",0.6352253737742128,"ğŸ“ˆ BTC follows stock market"
"2019-03-10 00:00:00",0.6064864389779887,"ğŸ“ˆ BTC follows stock market"
"2019-03-17 00:00:00",0.5591294308028028,"ğŸ“ˆ BTC follows stock market"
"2019-03-24 00:00:00",0.5051792274903301,"ğŸ“ˆ BTC follows stock market"
"2019-03-31 00:00:00",0.42716203728647945,"âš–ï¸ BTC independent"
"2019-04-07 00:00:00",0.39693742896608697,"âš–ï¸ BTC independent"
"2019-04-14 00:00:00",0.35478289217215736,"âš–ï¸ BTC independent"
"2019-04-21 00:00:00",0.3059013380720973,"âš–ï¸ BTC independent"
"2019-04-28 00:00:00",0.26690204814547625,"âš–ï¸ BTC independent"
"2019-05-05 00:00:00",0.29930674641755006,"âš–ï¸ BTC independent"
"2019-05-12 00:00:00",0.3210561267766866,"âš–ï¸ BTC independent"
"2019-05-19 00:00:00",0.38404420140331536,"âš–ï¸ BTC independent"
"2019-05-26 00:00:00",0.40624482001610435,"âš–ï¸ BTC independent"
"2019-06-02 00:00:00",0.3798602159369663,"âš–ï¸ BTC independent"
"2019-06-09 00:00:00",0.4353220048930083,"âš–ï¸ BTC independent"
"2019-06-16 00:00:00",0.4879129797139576,"âš–ï¸ BTC independent"
"2019-06-23 00:00:00",0.5229517441681127,"ğŸ“ˆ BTC follows stock market"
"2019-06-30 00:00:00",0.5630045721349229,"ğŸ“ˆ BTC follows stock market"
"2019-07-07 00:00:00",0.5905957880027608,"ğŸ“ˆ BTC follows stock market"
"2019-07-14 00:00:00",0.6084851401812005,"ğŸ“ˆ BTC follows stock market"
"2019-07-21 00:00:00",0.6645076605517569,"ğŸ“ˆ BTC follows stock market"
"2019-07-28 00:00:00",0.692389658768159,"ğŸ“ˆ BTC follows stock market"
"2019-08-04 00:00:00",0.6779589788806654,"ğŸ“ˆ BTC follows stock market"
"2019-08-11 00:00:00",0.640995694482436,"ğŸ“ˆ BTC follows stock market"
"2019-08-18 00:00:00",0.6118927487872198,"ğŸ“ˆ BTC follows stock market"
"2019-08-25 00:00:00",0.583974220509354,"ğŸ“ˆ BTC follows stock market"
"2019-09-01 00:00:00",0.5567233460884395,"ğŸ“ˆ BTC follows stock market"
"2019-09-08 00:00:00",0.5404417436895245,"ğŸ“ˆ BTC follows stock market"
"2019-09-15 00:00:00",0.5321235573719555,"ğŸ“ˆ BTC follows stock market"
"2019-09-22 00:00:00",0.5175636844789498,"ğŸ“ˆ BTC follows stock market"
"2019-09-29 00:00:00",0.46171246951041894,"âš–ï¸ BTC independent"
"2019-10-06 00:00:00",0.3989272272509185,"âš–ï¸ BTC independent"
"2019-10-13 00:00:00",0.3439646554447708,"âš–ï¸ BTC independent"
"2019-10-20 00:00:00",0.2526209375869832,"âš–ï¸ BTC independent"
"2019-10-27 00:00:00",0.24082966850147938,"âš–ï¸ BTC independent"
"2019-11-03 00:00:00",0.22933068092879938,"âš–ï¸ BTC independent"
"2019-11-10 00:00:00",0.22226561835677663,"âš–ï¸ BTC independent"
"2019-11-17 00:00:00",0.19002275649770586,"âš–ï¸ BTC independent"
"2019-11-24 00:00:00",0.06918697577771615,"âš–ï¸ BTC independent"
"2019-12-01 00:00:00",-0.08799647595612135,"âš–ï¸ BTC independent"
"2019-12-08 00:00:00",-0.2568724303756331,"âš–ï¸ BTC independent"
"2019-12-15 00:00:00",-0.3949228182536272,"âš–ï¸ BTC independent"
"2019-12-22 00:00:00",-0.5034992567940766,"ğŸ”„ BTC moves opposite to stock market"
"2019-12-29 00:00:00",-0.6129293622947957,"ğŸ”„ BTC moves opposite to stock market"
"2020-01-05 00:00:00",-0.6987272772839657,"ğŸ”„ BTC moves opposite to stock market"
"2020-01-12 00:00:00",-0.7047829680839951,"ğŸ”„ BTC moves opposite to stock market"
"2020-01-19 00:00:00",-0.6700691960537092,"ğŸ”„ BTC moves opposite to stock market"
"2020-01-26 00:00:00",-0.6628902342477545,"ğŸ”„ BTC moves opposite to stock market"
"2020-02-02 00:00:00",-0.6375265998629547,"ğŸ”„ BTC moves opposite to stock market"
"2020-02-09 00:00:00",-0.5340236046017376,"ğŸ”„ BTC moves opposite to stock market"
"2020-02-16 00:00:00",-0.4511817706066745,"âš–ï¸ BTC independent"
"2020-02-23 00:00:00",-0.46093285577011534,"âš–ï¸ BTC independent"
"2020-03-01 00:00:00",-0.39545299002708395,"âš–ï¸ BTC independent"
"2020-03-08 00:00:00",-0.1952005262550045,"âš–ï¸ BTC independent"
"2020-03-15 00:00:00",0.20606975395680463,"âš–ï¸ BTC independent"
"2020-03-22 00:00:00",0.40831916442575844,"âš–ï¸ BTC independent"
"2020-03-29 00:00:00",0.5006773530790514,"ğŸ“ˆ BTC follows stock market"
"2020-04-05 00:00:00",0.5555448237689181,"ğŸ“ˆ BTC follows stock market"
"2020-04-12 00:00:00",0.595217058967586,"ğŸ“ˆ BTC follows stock market"
"2020-04-19 00:00:00",0.6347501536156924,"ğŸ“ˆ BTC follows stock market"
"2020-04-26 00:00:00",0.6382867023590706,"ğŸ“ˆ BTC follows stock market"
"2020-05-03 00:00:00",0.6167019824110027,"ğŸ“ˆ BTC follows stock market"
"2020-05-10 00:00:00",0.5972396609287364,"ğŸ“ˆ BTC follows stock market"
"2020-05-17 00:00:00",0.5746219809211589,"ğŸ“ˆ BTC follows stock market"
"2020-05-24 00:00:00",0.577495211358877,"ğŸ“ˆ BTC follows stock market"
"2020-05-31 00:00:00",0.5726260468099665,"ğŸ“ˆ BTC follows stock market"
"2020-06-07 00:00:00",0.5572089456407499,"ğŸ“ˆ BTC follows stock market"
"2020-06-14 00:00:00",0.547619877468915,"ğŸ“ˆ BTC follows stock market"
"2020-06-21 00:00:00",0.5731772160498837,"ğŸ“ˆ BTC follows stock market"
"2020-06-28 00:00:00",0.5875833638526858,"ğŸ“ˆ BTC follows stock market"
"2020-07-05 00:00:00",0.6112831950491059,"ğŸ“ˆ BTC follows stock market"
"2020-07-12 00:00:00",0.6588255535924504,"ğŸ“ˆ BTC follows stock market"
"2020-07-19 00:00:00",0.7019624452602873,"ğŸ“ˆ BTC follows stock market"
"2020-07-26 00:00:00",0.7545197909004419,"ğŸ“ˆ BTC follows stock market"
"2020-08-02 00:00:00",0.8124173364646848,"ğŸ“ˆ BTC follows stock market"
"2020-08-09 00:00:00",0.8489158713975558,"ğŸ“ˆ BTC follows stock market"
"2020-08-16 00:00:00",0.8750921034890192,"ğŸ“ˆ BTC follows stock market"
"2020-08-23 00:00:00",0.9014704899254381,"ğŸ“ˆ BTC follows stock market"
"2020-08-30 00:00:00",0.913217635047579,"ğŸ“ˆ BTC follows stock market"
"2020-09-06 00:00:00",0.915064220001803,"ğŸ“ˆ BTC follows stock market"
"2020-09-13 00:00:00",0.9207782584385458,"ğŸ“ˆ BTC follows stock market"
"2020-09-20 00:00:00",0.931960580956396,"ğŸ“ˆ BTC follows stock market"
"2020-09-27 00:00:00",0.9340437385256136,"ğŸ“ˆ BTC follows stock market"
"2020-10-04 00:00:00",0.9466646434547826,"ğŸ“ˆ BTC follows stock market"
"2020-10-11 00:00:00",0.9390453844928732,"ğŸ“ˆ BTC follows stock market"
"2020-10-18 00:00:00",0.9363003742184554,"ğŸ“ˆ BTC follows stock market"
"2020-10-25 00:00:00",0.8820070352553789,"ğŸ“ˆ BTC follows stock market"
"2020-11-01 00:00:00",0.8235801045633422,"ğŸ“ˆ BTC follows stock market"
"2020-11-08 00:00:00",0.8020749060002192,"ğŸ“ˆ BTC follows stock market"
"2020-11-15 00:00:00",0.7912042889821322,"ğŸ“ˆ BTC follows stock market"
"2020-11-22 00:00:00",0.7685150945970499,"ğŸ“ˆ BTC follows stock market"
"2020-11-29 00:00:00",0.7914568879538175,"ğŸ“ˆ BTC follows stock market"
"2020-12-06 00:00:00",0.8227872457714985,"ğŸ“ˆ BTC follows stock market"
"2020-12-13 00:00:00",0.8521244728660152,"ğŸ“ˆ BTC follows stock market"
"2020-12-20 00:00:00",0.8417301712076456,"ğŸ“ˆ BTC follows stock market"
"2020-12-27 00:00:00",0.8488110445083411,"ğŸ“ˆ BTC follows stock market"
"2021-01-03 00:00:00",0.815358286581143,"ğŸ“ˆ BTC follows stock market"
"2021-01-10 00:00:00",0.8186609047282426,"ğŸ“ˆ BTC follows stock market"
"2021-01-17 00:00:00",0.8472916138785559,"ğŸ“ˆ BTC follows stock market"
"2021-01-24 00:00:00",0.8697918786839759,"ğŸ“ˆ BTC follows stock market"
"2021-01-31 00:00:00",0.8814688573337179,"ğŸ“ˆ BTC follows stock market"
"2021-02-07 00:00:00",0.9030597243575962,"ğŸ“ˆ BTC follows stock market"
"2021-02-14 00:00:00",0.9066413261940963,"ğŸ“ˆ BTC follows stock market"
"2021-02-21 00:00:00",0.8752432624365767,"ğŸ“ˆ BTC follows stock market"
"2021-02-28 00:00:00",0.8702171010859225,"ğŸ“ˆ BTC follows stock market"
"2021-03-07 00:00:00",0.8722138577069796,"ğŸ“ˆ BTC follows stock market"
"2021-03-14 00:00:00",0.8756866613973854,"ğŸ“ˆ BTC follows stock market"
"2021-03-21 00:00:00",0.8769723987797174,"ğŸ“ˆ BTC follows stock market"
"2021-03-28 00:00:00",0.8840749985310217,"ğŸ“ˆ BTC follows stock market"
"2021-04-04 00:00:00",0.8917470147422919,"ğŸ“ˆ BTC follows stock market"
"2021-04-11 00:00:00",0.8977469887044394,"ğŸ“ˆ BTC follows stock market"
"2021-04-18 00:00:00",0.9029167666834871,"ğŸ“ˆ BTC follows stock market"
"2021-04-25 00:00:00",0.88294515985964,"ğŸ“ˆ BTC follows stock market"
"2021-05-02 00:00:00",0.8799586281100381,"ğŸ“ˆ BTC follows stock market"
"2021-05-09 00:00:00",0.8792231159315196,"ğŸ“ˆ BTC follows stock market"
"2021-05-16 00:00:00",0.864175152161408,"ğŸ“ˆ BTC follows stock market"
"2021-05-23 00:00:00",0.8009742829719262,"ğŸ“ˆ BTC follows stock market"
"2021-05-30 00:00:00",0.7313996127169177,"ğŸ“ˆ BTC follows stock market"
"2021-06-06 00:00:00",0.6512362396153906,"ğŸ“ˆ BTC follows stock market"
"2021-06-13 00:00:00",0.5887205931524782,"ğŸ“ˆ BTC follows stock market"
"2021-06-20 00:00:00",0.5057336262806514,"ğŸ“ˆ BTC follows stock market"
"2021-06-27 00:00:00",0.390287362590487,"âš–ï¸ BTC independent"
"2021-07-04 00:00:00",0.2732223686380418,"âš–ï¸ BTC independent"
"2021-07-11 00:00:00",0.12960431992854368,"âš–ï¸ BTC independent"
"2021-07-18 00:00:00",-0.016487647878890396,"âš–ï¸ BTC independent"
"2021-07-25 00:00:00",-0.14467924954222422,"âš–ï¸ BTC independent"
"2021-08-01 00:00:00",-0.2389393078634719,"âš–ï¸ BTC independent"
"2021-08-08 00:00:00",-0.26900833419582126,"âš–ï¸ BTC independent"
"2021-08-15 00:00:00",-0.3031076370652818,"âš–ï¸ BTC independent"
"2021-08-22 00:00:00",-0.37699644797039167,"âš–ï¸ BTC independent"
"2021-08-29 00:00:00",-0.4522610420766663,"âš–ï¸ BTC independent"
"2021-09-05 00:00:00",-0.45124042727002467,"âš–ï¸ BTC independent"
"2021-09-12 00:00:00",-0.4433649207894627,"âš–ï¸ BTC independent"
"2021-09-19 00:00:00",-0.3960526632472532,"âš–ï¸ BTC independent"
"2021-09-26 00:00:00",-0.4501639216946891,"âš–ï¸ BTC independent"
"2021-10-03 00:00:00",-0.4421070939662884,"âš–ï¸ BTC independent"
"2021-10-10 00:00:00",-0.3497471665887271,"âš–ï¸ BTC independent"
"2021-10-17 00:00:00",-0.17183981182998948,"âš–ï¸ BTC independent"
"2021-10-24 00:00:00",0.016093448523659494,"âš–ï¸ BTC independent"
"2021-10-31 00:00:00",0.21116158536385862,"âš–ï¸ BTC independent"
"2021-11-07 00:00:00",0.3862643059194732,"âš–ï¸ BTC independent"
"2021-11-14 00:00:00",0.5291552939471749,"ğŸ“ˆ BTC follows stock market"
"2021-11-21 00:00:00",0.572515474717298,"ğŸ“ˆ BTC follows stock market"
"2021-11-28 00:00:00",0.6552185999051025,"ğŸ“ˆ BTC follows stock market"
"2021-12-05 00:00:00",0.7830256408996878,"ğŸ“ˆ BTC follows stock market"
"2021-12-12 00:00:00",0.8285926816791742,"ğŸ“ˆ BTC follows stock market"
"2021-12-19 00:00:00",0.8065522783897093,"ğŸ“ˆ BTC follows stock market"
"2021-12-26 00:00:00",0.7568309618366169,"ğŸ“ˆ BTC follows stock market"
"2022-01-02 00:00:00",0.7088570787806484,"ğŸ“ˆ BTC follows stock market"
"2022-01-09 00:00:00",0.6644243940526579,"ğŸ“ˆ BTC follows stock market"
"2022-01-16 00:00:00",0.6398342710554246,"ğŸ“ˆ BTC follows stock market"
"2022-01-23 00:00:00",0.6419194744370628,"ğŸ“ˆ BTC follows stock market"
"2022-01-30 00:00:00",0.6169957858900197,"ğŸ“ˆ BTC follows stock market"
"2022-02-06 00:00:00",0.6021049334730783,"ğŸ“ˆ BTC follows stock market"
"2022-02-13 00:00:00",0.5633792182881364,"ğŸ“ˆ BTC follows stock market"
"2022-02-20 00:00:00",0.5925465271392953,"ğŸ“ˆ BTC follows stock market"
"2022-02-27 00:00:00",0.6100129391454195,"ğŸ“ˆ BTC follows stock market"
"2022-03-06 00:00:00",0.6388260405233847,"ğŸ“ˆ BTC follows stock market"
"2022-03-13 00:00:00",0.6633048358543232,"ğŸ“ˆ BTC follows stock market"
"2022-03-20 00:00:00",0.6574998741469185,"ğŸ“ˆ BTC follows stock market"
"2022-03-27 00:00:00",0.6540492885626288,"ğŸ“ˆ BTC follows stock market"
"2022-04-03 00:00:00",0.653242499880369,"ğŸ“ˆ BTC follows stock market"
"2022-04-10 00:00:00",0.6548607057960316,"ğŸ“ˆ BTC follows stock market"
"2022-04-17 00:00:00",0.6708094349021007,"ğŸ“ˆ BTC follows stock market"
"2022-04-24 00:00:00",0.6770473247267587,"ğŸ“ˆ BTC follows stock market"
"2022-05-01 00:00:00",0.696683202873477,"ğŸ“ˆ BTC follows stock market"
"2022-05-08 00:00:00",0.7345762213256829,"ğŸ“ˆ BTC follows stock market"
"2022-05-15 00:00:00",0.7797885475150202,"ğŸ“ˆ BTC follows stock market"
"2022-05-22 00:00:00",0.8074345899164849,"ğŸ“ˆ BTC follows stock market"
"2022-05-29 00:00:00",0.8162574898327628,"ğŸ“ˆ BTC follows stock market"
"2022-06-05 00:00:00",0.8338465719435068,"ğŸ“ˆ BTC follows stock market"
"2022-06-12 00:00:00",0.8654945540839225,"ğŸ“ˆ BTC follows stock market"
"2022-06-19 00:00:00",0.8929980860521008,"ğŸ“ˆ BTC follows stock market"
"2022-06-26 00:00:00",0.9256516146416458,"ğŸ“ˆ BTC follows stock market"
"2022-07-03 00:00:00",0.9239668611901188,"ğŸ“ˆ BTC follows stock market"
"2022-07-10 00:00:00",0.9243130978429315,"ğŸ“ˆ BTC follows stock market"
"2022-07-17 00:00:00",0.9188435770395221,"ğŸ“ˆ BTC follows stock market"
"2022-07-24 00:00:00",0.9046445057840671,"ğŸ“ˆ BTC follows stock market"
"2022-07-31 00:00:00",0.8767361198108901,"ğŸ“ˆ BTC follows stock market"
"2022-08-07 00:00:00",0.8553710172361109,"ğŸ“ˆ BTC follows stock market"
"2022-08-14 00:00:00",0.8114487135141252,"ğŸ“ˆ BTC follows stock market"
"2022-08-21 00:00:00",0.7921120092885878,"ğŸ“ˆ BTC follows stock market"
"2022-08-28 00:00:00",0.7918109196090463,"ğŸ“ˆ BTC follows stock market"
"2022-09-04 00:00:00",0.7813920856370046,"ğŸ“ˆ BTC follows stock market"
"2022-09-11 00:00:00",0.7754982034104712,"ğŸ“ˆ BTC follows stock market"
"2022-09-18 00:00:00",0.7883906639378944,"ğŸ“ˆ BTC follows stock market"
"2022-09-25 00:00:00",0.7918173061347794,"ğŸ“ˆ BTC follows stock market"
"2022-10-02 00:00:00",0.7972053376327299,"ğŸ“ˆ BTC follows stock market"
"2022-10-09 00:00:00",0.7956127453542111,"ğŸ“ˆ BTC follows stock market"
"2022-10-16 00:00:00",0.7828702126073415,"ğŸ“ˆ BTC follows stock market"
"2022-10-23 00:00:00",0.7407056347316326,"ğŸ“ˆ BTC follows stock market"
"2022-10-30 00:00:00",0.6804724740496233,"ğŸ“ˆ BTC follows stock market"
"2022-11-06 00:00:00",0.6077434863245201,"ğŸ“ˆ BTC follows stock market"
"2022-11-13 00:00:00",0.4932959039360691,"âš–ï¸ BTC independent"
"2022-11-20 00:00:00",0.3791243439978183,"âš–ï¸ BTC independent"
"2022-11-27 00:00:00",0.2613563355408069,"âš–ï¸ BTC independent"
"2022-12-04 00:00:00",0.2525146186765213,"âš–ï¸ BTC independent"
"2022-12-11 00:00:00",0.28637783833146707,"âš–ï¸ BTC independent"
"2022-12-18 00:00:00",0.3041867236075659,"âš–ï¸ BTC independent"
"2022-12-25 00:00:00",0.21101826735724158,"âš–ï¸ BTC independent"
"2023-01-01 00:00:00",0.1927295022466019,"âš–ï¸ BTC independent"
"2023-01-08 00:00:00",0.3252914902325029,"âš–ï¸ BTC independent"
"2023-01-15 00:00:00",0.3438224425264522,"âš–ï¸ BTC independent"
"2023-01-22 00:00:00",0.3793976872981605,"âš–ï¸ BTC independent"
"2023-01-29 00:00:00",0.41412809779137716,"âš–ï¸ BTC independent"
"2023-02-05 00:00:00",0.46201631493557677,"âš–ï¸ BTC independent"
"2023-02-12 00:00:00",0.4808762886735921,"âš–ï¸ BTC independent"
"2023-02-19 00:00:00",0.48193380663652,"âš–ï¸ BTC independent"
"2023-02-26 00:00:00",0.4535925522026971,"âš–ï¸ BTC independent"
"2023-03-05 00:00:00",0.4078583875172984,"âš–ï¸ BTC independent"
"2023-03-12 00:00:00",0.30448151777368093,"âš–ï¸ BTC independent"
"2023-03-19 00:00:00",0.2948280743511907,"âš–ï¸ BTC independent"
"2023-03-26 00:00:00",0.33615766309851164,"âš–ï¸ BTC independent"
"2023-04-02 00:00:00",0.4159864471362269,"âš–ï¸ BTC independent"
"2023-04-09 00:00:00",0.4755239188110413,"âš–ï¸ BTC independent"
"2023-04-16 00:00:00",0.5372194204293261,"ğŸ“ˆ BTC follows stock market"
"2023-04-23 00:00:00",0.561067758472752,"ğŸ“ˆ BTC follows stock market"
"2023-04-30 00:00:00",0.5857762874065985,"ğŸ“ˆ BTC follows stock market"
"2023-05-07 00:00:00",0.6554392817942228,"ğŸ“ˆ BTC follows stock market"
"2023-05-14 00:00:00",0.6830905207921302,"ğŸ“ˆ BTC follows stock market"
"2023-05-21 00:00:00",0.6939792827672688,"ğŸ“ˆ BTC follows stock market"
"2023-05-28 00:00:00",0.7320082170679162,"ğŸ“ˆ BTC follows stock market"
"2023-06-04 00:00:00",0.7366937727500767,"ğŸ“ˆ BTC follows stock market"
"2023-06-11 00:00:00",0.7067376522270006,"ğŸ“ˆ BTC follows stock market"
"2023-06-18 00:00:00",0.6916481017577701,"ğŸ“ˆ BTC follows stock market"
"2023-06-25 00:00:00",0.7279940240658934,"ğŸ“ˆ BTC follows stock market"
"2023-07-02 00:00:00",0.7518566206899627,"ğŸ“ˆ BTC follows stock market"
"2023-07-09 00:00:00",0.7518238848998562,"ğŸ“ˆ BTC follows stock market"
"2023-07-16 00:00:00",0.7325093343249478,"ğŸ“ˆ BTC follows stock market"
"2023-07-23 00:00:00",0.7124681742193837,"ğŸ“ˆ BTC follows stock market"
"2023-07-30 00:00:00",0.6896064394048572,"ğŸ“ˆ BTC follows stock market"
"2023-08-06 00:00:00",0.692051879138642,"ğŸ“ˆ BTC follows stock market"
"2023-08-13 00:00:00",0.6796863430913586,"ğŸ“ˆ BTC follows stock market"
"2023-08-20 00:00:00",0.6413096731396056,"ğŸ“ˆ BTC follows stock market"
"2023-08-27 00:00:00",0.5976940855456575,"ğŸ“ˆ BTC follows stock market"
"2023-09-03 00:00:00",0.5578434217091948,"ğŸ“ˆ BTC follows stock market"
"2023-09-10 00:00:00",0.5126236347963938,"ğŸ“ˆ BTC follows stock market"
"2023-09-17 00:00:00",0.4704402721752614,"âš–ï¸ BTC independent"
"2023-09-24 00:00:00",0.41626332806399746,"âš–ï¸ BTC independent"
"2023-10-01 00:00:00",0.3029775371054169,"âš–ï¸ BTC independent"
"2023-10-08 00:00:00",0.07832276144773648,"âš–ï¸ BTC independent"
"2023-10-15 00:00:00",0.0893494815682828,"âš–ï¸ BTC independent"
"2023-10-22 00:00:00",0.04326866989779718,"âš–ï¸ BTC independent"
"2023-10-29 00:00:00",-0.06863277208386623,"âš–ï¸ BTC independent"
"2023-11-05 00:00:00",-0.017031879443310777,"âš–ï¸ BTC independent"
"2023-11-12 00:00:00",0.08950839603320727,"âš–ï¸ BTC independent"
"2023-11-19 00:00:00",0.1924385562436225,"âš–ï¸ BTC independent"
"2023-11-26 00:00:00",0.3095602704598866,"âš–ï¸ BTC independent"
"2023-12-03 00:00:00",0.4009075314912968,"âš–ï¸ BTC independent"
"2023-12-10 00:00:00",0.48286771109493193,"âš–ï¸ BTC independent"
"2023-12-17 00:00:00",0.5577575931549222,"ğŸ“ˆ BTC follows stock market"
"2023-12-24 00:00:00",0.6338522845917475,"ğŸ“ˆ BTC follows stock market"
"2023-12-31 00:00:00",0.666939802355462,"ğŸ“ˆ BTC follows stock market"
"2024-01-07 00:00:00",0.6983704708029901,"ğŸ“ˆ BTC follows stock market"
"2024-01-14 00:00:00",0.7207775462480978,"ğŸ“ˆ BTC follows stock market"
"2024-01-21 00:00:00",0.7366678841314935,"ğŸ“ˆ BTC follows stock market"
"2024-01-28 00:00:00",0.7524031242113002,"ğŸ“ˆ BTC follows stock market"
"2024-02-04 00:00:00",0.764940373359708,"ğŸ“ˆ BTC follows stock market"
"2024-02-11 00:00:00",0.799719025758445,"ğŸ“ˆ BTC follows stock market"
"2024-02-18 00:00:00",0.8327445734004149,"ğŸ“ˆ BTC follows stock market"
"2024-02-25 00:00:00",0.8595654075346505,"ğŸ“ˆ BTC follows stock market"
"2024-03-03 00:00:00",0.871020404201978,"ğŸ“ˆ BTC follows stock market"
"2024-03-10 00:00:00",0.8716997763508636,"ğŸ“ˆ BTC follows stock market"
"2024-03-17 00:00:00",0.8815514706440675,"ğŸ“ˆ BTC follows stock market"
"2024-03-24 00:00:00",0.8972239394692468,"ğŸ“ˆ BTC follows stock market"
"2024-03-31 00:00:00",0.9042234089064586,"ğŸ“ˆ BTC follows stock market"
"2024-04-07 00:00:00",0.9111542081039776,"ğŸ“ˆ BTC follows stock market"
"2024-04-14 00:00:00",0.9036015733909685,"ğŸ“ˆ BTC follows stock market"
"2024-04-21 00:00:00",0.8955139427636707,"ğŸ“ˆ BTC follows stock market"
"2024-04-28 00:00:00",0.8901479941885363,"ğŸ“ˆ BTC follows stock market"
"2024-05-05 00:00:00",0.886439351363487,"ğŸ“ˆ BTC follows stock market"
"2024-05-12 00:00:00",0.875215625485147,"ğŸ“ˆ BTC follows stock market"
"2024-05-19 00:00:00",0.8739920303199274,"ğŸ“ˆ BTC follows stock market"
"2024-05-26 00:00:00",0.8897756919559842,"ğŸ“ˆ BTC follows stock market"
"2024-06-02 00:00:00",0.8911135332211443,"ğŸ“ˆ BTC follows stock market"
"2024-06-09 00:00:00",0.8943271836360884,"ğŸ“ˆ BTC follows stock market"
"2024-06-16 00:00:00",0.8770146978536164,"ğŸ“ˆ BTC follows stock market"
"2024-06-23 00:00:00",0.8426220472329001,"ğŸ“ˆ BTC follows stock market"
"2024-06-30 00:00:00",0.8086698567352375,"ğŸ“ˆ BTC follows stock market"
"2024-07-07 00:00:00",0.7212824253682494,"ğŸ“ˆ BTC follows stock market"
"2024-07-14 00:00:00",0.6729245029752318,"ğŸ“ˆ BTC follows stock market"
"2024-07-21 00:00:00",0.658114509723861,"ğŸ“ˆ BTC follows stock market"
"2024-07-28 00:00:00",0.6251952206827973,"ğŸ“ˆ BTC follows stock market"
"2024-08-04 00:00:00",0.5786468354826309,"ğŸ“ˆ BTC follows stock market"
"2024-08-11 00:00:00",0.4911568484981571,"âš–ï¸ BTC independent"
"2024-08-18 00:00:00",0.36363614306331954,"âš–ï¸ BTC independent"
"2024-08-25 00:00:00",0.2508632107255412,"âš–ï¸ BTC independent"
"2024-09-01 00:00:00",0.08562555240588618,"âš–ï¸ BTC independent"
"2024-09-08 00:00:00",-0.1138003858559565,"âš–ï¸ BTC independent"
"2024-09-15 00:00:00",-0.30290718582584575,"âš–ï¸ BTC independent"
"2024-09-22 00:00:00",-0.42582695407710447,"âš–ï¸ BTC independent"
"2024-09-29 00:00:00",-0.398065286118122,"âš–ï¸ BTC independent"
"2024-10-06 00:00:00",-0.3671396690189383,"âš–ï¸ BTC independent"
"2024-10-13 00:00:00",-0.33347547542732076,"âš–ï¸ BTC independent"
"2024-10-20 00:00:00",-0.22711947692627749,"âš–ï¸ BTC independent"
"2024-10-27 00:00:00",-0.1253751366168749,"âš–ï¸ BTC independent"
"2024-11-03 00:00:00",-0.01736752233791405,"âš–ï¸ BTC independent"
"2024-11-10 00:00:00",0.2079014487401891,"âš–ï¸ BTC independent"
"2024-11-17 00:00:00",0.3763253528144899,"âš–ï¸ BTC independent"
"2024-11-24 00:00:00",0.5165348866645862,"ğŸ“ˆ BTC follows stock market"
"2024-12-01 00:00:00",0.619169919256724,"ğŸ“ˆ BTC follows stock market"
"2024-12-08 00:00:00",0.6771030859884953,"ğŸ“ˆ BTC follows stock market"
"2024-12-15 00:00:00",0.6874702825336343,"ğŸ“ˆ BTC follows stock market"
"2024-12-22 00:00:00",0.7328416228333828,"ğŸ“ˆ BTC follows stock market"
"2024-12-29 00:00:00",0.760963638738791,"ğŸ“ˆ BTC follows stock market"
